date,geography,geography code,Age: Total,Age: Aged 4 years and under,Age: Aged 5 to 9 years,Age: Aged 10 to 14 years,Age: Aged 15 to 19 years,Age: Aged 20 to 24 years,Age: Aged 25 to 29 years,Age: Aged 30 to 34 years,Age: Aged 35 to 39 years,Age: Aged 40 to 44 years,Age: Aged 45 to 49 years,Age: Aged 50 to 54 years,Age: Aged 55 to 59 years,Age: Aged 60 to 64 years,Age: Aged 65 to 69 years,Age: Aged 70 to 74 years,Age: Aged 75 to 79 years,Age: Aged 80 to 84 years,Age: Aged 85 years and over
2021,Hartlepool,E06000001,92337,4982,5582,5920,5180,5110,5495,5884,5463,5065,5417,6577,7132,6297,5247,5084,3222,2463,2217
2021,Middlesbrough,E06000002,143926,8928,9795,9465,8571,10171,10322,10320,9377,8042,7930,8736,9369,8720,7208,6464,4300,3236,2972
2021,Redcar and Cleveland,E06000003,136533,6814,7874,7993,7124,6575,7461,7909,7604,7251,7949,10012,10656,9564,8497,8675,6341,4479,3755
2021,Stockton-on-Tees,E06000004,196595,10733,12429,13021,10617,9689,11918,13135,13052,11966,12175,13932,14010,12734,10793,10253,6872,4954,4312
2021,Darlington,E06000005,107801,5496,6330,6626,5785,5426,6379,6968,6562,6642,6918,7770,7855,7004,5958,5980,4149,3121,2832
2021,Halton,E06000006,128479,6954,7894,8061,7152,6704,7963,8515,8541,7992,8328,9086,9145,8184,7254,7104,4294,2867,2441
2021,Warrington,E06000007,210977,10631,12363,12819,11130,10502,12510,13929,14201,13655,14319,16074,15881,12804,10719,10723,8206,5808,4703
2021,Blackburn with Darwen,E06000008,154738,10056,11162,11733,10857,9451,10063,10643,10792,10022,9887,10303,9360,8006,6680,6203,4086,2848,2586
2021,Blackpool,E06000009,141036,7360,7905,7864,7390,7446,8572,9499,8523,7718,8618,10539,10993,9418,7674,7867,5821,4140,3689
2021,"Kingston upon Hull, City of",E06000010,267013,15954,17343,16735,15484,19426,20220,20818,18707,15802,16304,17253,17217,14926,12220,11382,7095,5233,4894
2021,East Riding of Yorkshire,E06000011,342215,14687,17369,18398,16782,14437,16830,18010,18027,18003,21530,25589,27138,24920,23083,25349,17942,12658,11463
2021,North East Lincolnshire,E06000012,156966,8455,9516,9572,8404,7968,9316,10411,9516,8416,9458,11077,11803,10218,8749,8856,6222,4660,4349
2021,North Lincolnshire,E06000013,169681,8445,9648,10116,8901,8123,9682,10627,10287,9282,10378,12515,12989,11410,10025,10226,7297,5006,4724
2021,York,E06000014,202821,8615,9902,10321,15216,20355,12971,12874,12552,11872,11932,13260,12962,11256,9783,10482,7465,5522,5481
2021,Derby,E06000015,261363,15220,16899,16978,16350,18528,18430,18304,18232,16494,16417,17240,16150,13336,11313,11122,8123,6138,6089
2021,Leicester,E06000016,368571,22302,24808,25622,28332,36112,27286,27498,27245,24690,22538,21893,19473,17271,13975,11290,7324,5520,5392
2021,Rutland,E06000017,41047,1642,1972,2540,2761,1850,2136,2184,2213,2344,2452,2965,2904,2700,2497,2835,2129,1469,1454
2021,Nottingham,E06000018,323631,17819,19249,18808,31692,43635,24275,24213,21188,18369,17600,17860,17031,13927,10884,9801,6864,5115,5301
2021,"Herefordshire, County of",E06000019,187033,8429,9508,10090,9064,8175,9652,10534,10254,9807,11226,13619,14580,13623,12481,13014,9735,6696,6546
2021,Telford and Wrekin,E06000020,185542,10562,11869,12142,10893,10971,11809,12721,12107,11203,12081,13476,12600,10390,9209,9104,6538,4288,3579
2021,Stoke-on-Trent,E06000021,258369,15625,16989,16831,15115,16947,17144,19079,17615,15470,15616,16938,16340,14396,12332,11923,8676,6002,5331
2021,Bath and North East Somerset,E06000022,193408,9019,10046,10647,14772,18549,11461,11715,10893,10781,11731,12708,12754,10810,9421,9846,7385,5338,5532
2021,"Bristol, City of",E06000023,472468,25942,26764,25574,29621,47538,44399,43857,37767,31241,27070,26354,25043,20538,16891,15979,11315,8166,8409
2021,North Somerset,E06000024,216730,10662,12250,12827,10834,9784,10795,12330,13074,13410,14128,15490,15773,13501,12528,13947,10752,7289,7356
2021,South Gloucestershire,E06000025,290424,16119,17128,16727,16199,18099,19420,20465,19682,18070,18060,20311,19862,16088,13509,14059,11333,7756,7537
2021,Plymouth,E06000026,264695,13205,15124,15035,15919,21172,17938,18395,17369,15577,15774,17618,17316,15283,12891,13169,9734,6692,6484
2021,Torbay,E06000027,139324,6059,7312,7501,6724,6214,7129,7611,7315,7220,8203,10271,10706,9872,9204,10021,7554,5134,5274
2021,Swindon,E06000030,233411,13626,15156,14764,12283,12028,15286,17351,17318,16278,16356,16782,16011,13103,10559,9838,6981,4874,4817
2021,Peterborough,E06000031,215674,14163,15730,15502,12541,11679,15326,17299,17249,15292,13850,13700,12351,10403,8625,8118,5686,4105,4055
2021,Luton,E06000032,225261,15960,16731,16744,15072,15583,16515,17856,17663,16513,14090,13828,12381,9959,7773,6383,4769,3836,3605
2021,Southend-on-Sea,E06000033,180686,10242,10899,11154,9182,9356,11223,11935,12195,12163,12323,12538,12496,10419,8816,9207,6842,4718,4978
2021,Thurrock,E06000034,176001,12261,12664,12401,10458,9529,11795,14103,13849,12475,11648,11832,10759,8373,6712,6821,4413,3072,2836
2021,Medway,E06000035,279776,17308,18336,18020,16227,15937,18341,20368,19477,18466,17654,19146,18774,15665,12928,13007,8934,6025,5163
2021,Bracknell Forest,E06000036,124607,7119,7859,8081,7071,6377,8200,9314,9400,9155,8801,9049,8361,6945,5527,5027,3536,2413,2372
2021,West Berkshire,E06000037,161447,8310,9701,10644,9141,7356,8686,9632,10067,10534,11549,12596,11749,9970,8470,8583,6314,4171,3974
2021,Reading,E06000038,174224,10238,10486,10247,10986,14690,14572,15640,14592,12818,11313,10741,9493,7430,5844,5302,4006,2931,2895
2021,Slough,E06000039,158500,11772,12690,12823,9919,8949,10656,12853,14492,13753,11089,9603,7944,6637,5118,3822,2492,1979,1909
2021,Windsor and Maidenhead,E06000040,153498,8021,9226,10486,8981,6767,7981,9306,10390,11230,11456,11709,10796,8828,7198,7319,5547,4025,4232
2021,Wokingham,E06000041,177498,9852,12189,12463,10096,8239,9449,10676,12472,13862,13336,12600,11923,9794,7811,8052,6090,4269,4325
2021,Milton Keynes,E06000042,287061,17733,20264,20615,16353,14990,19041,22003,23020,22402,20178,19300,17087,14489,12226,11176,7247,4648,4289
2021,Brighton and Hove,E06000043,277103,11751,13051,14179,17763,27920,20960,20510,19453,19255,20378,20891,18385,13631,10915,10272,7113,5129,5547
2021,Portsmouth,E06000044,208003,11280,12127,11655,14494,20042,15368,15957,14909,12553,12159,13346,12803,10520,8343,8204,5883,4136,4224
2021,Southampton,E06000045,248921,13796,14453,13835,16752,26139,20718,20165,18333,16404,14607,14008,13776,11686,9615,8994,6639,4428,4573
2021,Isle of Wight,E06000046,140459,5552,6863,7049,6390,5960,6695,7222,6882,7013,7901,10263,11114,10536,10450,11233,8662,5356,5318
2021,County Durham,E06000047,522071,24752,28357,29501,31231,33054,29206,30679,30620,29185,31631,37933,39456,35128,31040,30716,21730,15059,12793
2021,Cheshire East,E06000049,398776,19930,22095,22881,19700,17620,21741,24345,24534,23873,26433,30278,30470,25649,22335,24352,18033,12443,12064
2021,Cheshire West and Chester,E06000050,357149,17618,19846,20355,18728,19681,21236,22467,22351,20863,22935,26045,26572,22705,19824,20557,14978,10661,9727
2021,Shropshire,E06000051,323607,14422,16249,17247,16916,15125,16870,17952,17263,16685,19977,24309,25538,22966,20817,21948,17012,11486,10825
2021,Cornwall,E06000052,570302,25532,30256,31215,29259,28610,28490,31508,30908,31328,34762,40713,43104,40481,37388,40401,29440,18767,18140
2021,Isles of Scilly,E06000053,2055,96,107,105,43,81,109,107,132,139,106,156,170,124,123,154,127,96,80
2021,Wiltshire,E06000054,510333,25629,29544,30312,27336,24238,28557,30966,30580,29589,33420,37589,37991,33055,28789,29911,22406,15274,15147
2021,Bedford,E06000055,185231,11163,11742,11975,10319,9999,11884,13550,13312,12954,12267,13035,12036,9971,8379,8337,5867,4170,4271
2021,Central Bedfordshire,E06000056,294251,17805,18521,17858,14778,13986,17957,21202,20772,19509,19365,21072,20963,17516,14413,14691,10579,6961,6303
2021,Northumberland,E06000057,320568,14235,16686,17410,15678,13905,15927,16936,17408,17417,19670,23213,25775,24758,22585,22975,15812,10593,9585
2021,"Bournemouth, Christchurch and Poole",E06000058,400198,18878,21212,21342,22257,26928,23844,26161,26224,25414,24724,26856,26526,23406,20818,22596,17095,12204,13713
2021,Dorset,E06000059,379579,15024,18162,20335,19141,15299,16754,18330,18327,18792,21659,26915,29764,28801,27017,30417,22891,15737,16214
2021,Buckinghamshire,E06000060,553078,30888,35155,36807,30807,25646,30240,34166,36379,38209,38481,40665,39261,32662,26839,27061,20389,14691,14732
2021,North Northamptonshire,E06000061,359525,20206,22459,23236,19761,17787,22365,24865,24375,23328,23942,26461,24910,20473,18016,18393,13071,8256,7621
2021,West Northamptonshire,E06000062,425725,23965,26379,26866,23844,24155,27343,30790,29730,28518,28796,30242,28893,23528,19761,20499,14344,9286,8786
2021,Cambridge,E07000008,145676,6347,6702,6645,11529,20309,16272,13548,10509,9142,8008,7794,6922,5335,4557,4140,3116,2371,2430
2021,East Cambridgeshire,E07000009,87762,4519,5271,5526,4447,3663,4714,5456,5817,5921,6252,6457,6160,5340,4712,4984,3568,2508,2447
2021,Fenland,E07000010,102459,5169,5759,5608,5023,5116,6166,6538,6184,5718,6222,7423,7525,6607,6166,6314,4719,3172,3030
2021,Huntingdonshire,E07000011,180831,9660,10609,10388,8850,8505,10652,12184,12115,11547,12169,13250,13130,11234,9572,10244,7517,4947,4258
2021,South Cambridgeshire,E07000012,162117,8772,10382,10635,8692,6289,8321,10107,11080,11838,11902,11826,11170,9299,8083,8504,6390,4423,4404
2021,Allerdale,E07000026,96152,4341,4885,5434,4603,4385,5145,5182,5204,5025,5823,7620,7604,7092,6299,6699,4532,3259,3020
2021,Barrow-in-Furness,E07000027,67407,3486,3674,3676,3508,3663,4446,4377,4003,3501,4022,5015,5080,4410,3823,4060,2958,2073,1632
2021,Carlisle,E07000028,110025,5377,6097,6040,5603,5802,6845,6891,6832,6152,6773,7815,8267,7652,6468,6532,4505,3266,3108
2021,Copeland,E07000029,67078,3131,3614,3604,3235,3189,3824,3891,3772,3469,4072,5032,5646,5069,4309,4374,3000,2114,1733
2021,Eden,E07000030,54733,2150,2577,2789,2593,2336,2585,2789,2771,2829,3361,4403,4772,4376,3867,3973,2804,1983,1775
2021,South Lakeland,E07000031,104451,3917,4450,5238,5223,4229,4919,5278,5372,5354,6367,7970,8647,8130,7224,8026,5951,4126,4030
2021,Amber Valley,E07000032,126208,6073,6712,7045,6041,6050,7227,7518,7237,7175,8433,9928,9852,8440,7493,8161,5880,3665,3278
2021,Bolsover,E07000033,80276,4102,4492,4474,3922,4176,5296,5368,4954,4353,5202,6396,6054,5274,4390,4445,3478,2083,1817
2021,Chesterfield,E07000034,103569,5080,5608,5802,4917,5312,6569,6494,6124,6039,6700,7699,7929,6912,6046,6030,4481,2992,2835
2021,Derbyshire Dales,E07000035,71539,2636,3304,3776,3511,2773,2971,3159,3208,3673,4647,5881,6336,5644,5106,5535,4104,2707,2568
2021,Erewash,E07000036,112906,5493,6376,6313,5690,5744,6980,7561,6970,6542,7430,8757,8531,7033,6066,6422,4833,3203,2962
2021,High Peak,E07000037,90930,4329,4804,5157,4448,4196,4810,5363,5282,5201,5907,7364,7576,6654,5513,5580,3996,2544,2206
2021,North East Derbyshire,E07000038,102002,4839,5383,5480,4824,4574,5628,5707,5590,5602,6347,7741,7824,7132,6438,6878,5468,3557,2990
2021,South Derbyshire,E07000039,107204,5762,6445,6677,5721,5198,6895,7154,6917,6675,7329,8405,7757,6332,5677,5582,3993,2438,2247
2021,East Devon,E07000040,150824,6491,7707,7743,7089,6193,6892,7425,7580,7681,8766,10513,10940,10581,10343,11905,9363,6566,7046
2021,Exeter,E07000041,130709,5884,6201,6118,11766,16349,8958,9032,8460,7431,7277,7778,7372,6357,5495,5683,4199,3130,3219
2021,Mid Devon,E07000042,82852,4022,4585,5040,4419,3596,4129,4481,4732,4620,5142,6189,6356,5654,5183,5416,4019,2644,2625
2021,North Devon,E07000043,98611,4512,5226,5622,4984,4237,5042,5379,5089,5284,5917,7110,7638,7117,6296,6926,5297,3440,3495
2021,South Hams,E07000044,88627,3529,4441,4760,4260,3340,3714,4299,4390,4538,5232,6536,7361,7146,6502,6998,5029,3250,3302
2021,Teignbridge,E07000045,134802,5906,6891,7170,6300,5586,6456,7188,7209,7143,8075,9770,10826,9849,9319,9871,7500,4788,4955
2021,Torridge,E07000046,68114,2803,3493,3559,3163,2779,3110,3397,3185,3308,3967,5070,5510,5448,5053,5445,3955,2451,2418
2021,West Devon,E07000047,57096,2196,2750,3147,2896,2118,2422,2646,2776,2836,3392,4274,4901,4472,4150,4464,3343,2182,2131
2021,Eastbourne,E07000061,101685,4717,5529,5783,5339,5225,5639,6102,5945,5874,6243,6900,7113,6357,5789,6529,4876,3680,4045
2021,Hastings,E07000062,90996,4821,5165,5290,4672,4482,5361,6011,5666,5497,5901,6979,6886,5846,5195,5139,3492,2314,2279
2021,Lewes,E07000063,99909,4541,5312,5747,5188,4139,4278,5232,5402,5612,6345,7410,7487,6752,6397,6996,5270,3743,4058
2021,Rother,E07000064,93113,3732,4229,4761,4297,3752,3927,4119,3988,4182,5060,6516,7348,7008,6866,8321,6250,4256,4501
2021,Wealden,E07000065,160150,7181,8465,9039,8080,6665,7384,8009,8025,8423,10008,12109,12734,11540,10353,11541,8914,5821,5859
2021,Basildon,E07000066,187571,12196,12480,12025,10194,9639,12264,13991,13146,12057,11902,13034,12290,10456,8365,8783,6154,4348,4247
2021,Braintree,E07000067,155272,8453,8981,9378,8181,7535,9162,9933,9651,9453,10511,11860,11073,9350,8385,9017,6349,4146,3854
2021,Brentwood,E07000068,77048,4280,4577,4461,3927,3635,4708,5160,5026,4989,5041,5567,5631,4511,3792,3972,2931,2237,2603
2021,Castle Point,E07000069,89587,4313,4836,5063,4607,4546,4836,4989,5007,4893,5368,6434,6413,5683,5261,6436,4831,3231,2840
2021,Chelmsford,E07000070,181523,9881,10792,10953,9770,9107,11513,12326,12294,12147,12449,12896,12068,10170,8779,9655,7003,4885,4835
2021,Colchester,E07000071,192715,10833,11793,11613,11261,13877,12571,13512,12905,12578,12414,13030,11994,10022,8591,9704,6932,4567,4518
2021,Epping Forest,E07000072,134980,7921,7687,7901,7031,6842,7576,8858,8996,9089,8902,9965,9844,8101,6737,6991,5171,3602,3766
2021,Harlow,E07000073,93328,6251,6564,6338,5060,4896,6437,7742,7447,6502,5627,6030,5845,4975,4026,3406,2439,1800,1943
2021,Maldon,E07000074,66208,3042,3418,3630,3378,3129,3353,3384,3377,3444,4184,5295,5221,4801,4181,4684,3418,2245,2024
2021,Rochford,E07000075,85661,4258,4614,5142,4453,4197,4473,4668,4887,5029,5572,6558,6344,5467,4749,5544,4112,2836,2758
2021,Tendring,E07000076,148296,6690,7527,7763,6884,6767,7236,7560,6901,6973,8147,10105,11107,10762,10321,12079,9230,6239,6005
2021,Uttlesford,E07000077,91341,5026,5715,5914,5000,3914,4396,5160,5747,5982,6308,7073,6831,5846,4821,4983,3676,2387,2562
2021,Cheltenham,E07000078,118833,5857,6378,6901,6693,7895,8134,8310,8205,7582,7427,7896,8031,6641,5624,5824,4427,3337,3671
2021,Cotswold,E07000079,90832,4015,4615,4966,4384,3964,4010,4566,4876,5094,5902,6872,7413,6489,6008,6312,4827,3257,3262
2021,Forest of Dean,E07000080,87004,3977,4452,4647,5071,4019,4392,4817,4547,4332,5190,6555,6951,6245,5786,6034,4450,2939,2600
2021,Gloucester,E07000081,132416,7459,8331,8170,7630,8486,8879,9807,9167,8352,8229,9196,9007,7585,5942,5720,4466,3009,2981
2021,Stroud,E07000082,121103,5643,6658,7255,6286,5015,6074,6536,6740,7095,8220,9489,9382,8482,7409,7745,5559,3766,3749
2021,Tewkesbury,E07000083,94887,5314,5753,5507,4505,4106,5253,6194,5967,5782,5875,6677,6918,5922,5391,5630,4312,3037,2744
2021,Basingstoke and Deane,E07000084,185152,10555,11550,11224,9089,9233,11924,13722,13201,12677,12935,13695,12958,10377,8519,8939,6384,4308,3862
2021,East Hampshire,E07000085,125739,6007,6945,7498,6769,5406,6186,6762,6970,7520,8405,9630,9859,8722,7301,7731,5870,4112,4046
2021,Eastleigh,E07000086,136440,7591,8529,8417,6910,6415,8330,9505,9274,9027,8831,9533,9340,8109,6949,7068,5148,3769,3695
2021,Fareham,E07000087,114511,5158,6206,6349,5593,5245,5554,6678,6632,6536,7187,8412,8941,7920,6625,7439,5769,4051,4216
2021,Gosport,E07000088,81955,4241,4679,4925,4211,4250,4890,5185,5107,4685,4975,5835,6031,5428,4517,4846,3456,2343,2351
2021,Hart,E07000089,99408,5159,6268,6417,5702,4420,5137,5778,6322,6732,7454,7451,7223,5771,4712,5197,4113,2887,2665
2021,Havant,E07000090,124210,6126,6900,6989,6243,5944,6789,7480,7104,6455,7107,8831,9357,8667,7482,7916,6070,4337,4413
2021,New Forest,E07000091,175785,7235,8645,9393,8265,7056,7737,8468,8646,9025,10209,12644,14020,12797,12163,13533,10382,7451,8116
2021,Rushmoor,E07000092,99756,6196,6094,5556,5073,5593,7630,8768,7753,6877,6514,6953,6587,5033,4056,4217,3067,2047,1742
2021,Test Valley,E07000093,130492,6940,7803,7604,6351,5701,7325,8272,8230,8217,8838,9734,9642,8164,6863,7580,5688,3799,3741
2021,Winchester,E07000094,127445,6043,7332,7742,9213,8167,6324,6836,7292,7889,8409,8994,8956,7668,6478,6932,5362,3775,4033
2021,Broxbourne,E07000095,99008,5945,6169,6282,5486,5192,6085,7004,7116,6688,6438,7145,6759,5459,4312,4503,3397,2549,2479
2021,Dacorum,E07000096,155081,9581,9929,9968,8039,7104,9110,10864,11101,11030,10731,10847,10735,9076,7269,7026,5022,3638,4011
2021,Hertsmere,E07000098,107827,6297,6850,7096,6111,5444,6159,6754,7644,7810,7505,7563,7460,5995,4869,4972,3671,2657,2970
2021,North Hertfordshire,E07000099,133211,7469,8237,8269,6655,5837,7631,8677,9014,9400,9531,9470,9428,7762,6544,6748,5011,3663,3865
2021,Three Rivers,E07000102,93770,5120,5972,6458,5338,4417,4827,5463,6290,6902,6926,6925,6745,5420,4430,4463,3288,2265,2521
2021,Watford,E07000103,102243,6528,6836,6711,5541,5332,7697,8819,8974,8342,7309,6798,5834,4634,3614,3274,2433,1768,1799
2021,Ashford,E07000105,132747,7608,8315,8560,7306,6471,7955,8852,8338,8167,8484,9954,9291,7449,6654,7238,5401,3505,3199
2021,Canterbury,E07000106,157430,6823,7748,8359,12600,15788,8665,8414,8335,8236,8989,9878,10217,9128,8534,9382,6906,4732,4696
2021,Dartford,E07000107,116753,8282,8268,8031,6228,5630,7922,9861,9629,8743,7838,7655,7063,5565,4350,4252,2971,2251,2214
2021,Dover,E07000108,116409,5669,6494,6779,5969,5408,6547,6876,6633,6328,6734,8123,8829,8121,7382,7673,5673,3732,3439
2021,Gravesham,E07000109,106900,6600,7155,7140,6148,5666,6528,7620,7532,6931,6827,7460,7137,5742,4832,4877,3587,2628,2490
2021,Maidstone,E07000110,175782,10390,10874,10399,8920,8858,11206,12231,12011,11330,11665,12577,11877,9919,8535,9299,6662,4629,4400
2021,Sevenoaks,E07000111,120512,6724,7586,8060,6537,4961,5705,6670,7335,7820,8227,8846,8754,7359,6410,6931,5154,3606,3827
2021,Folkestone and Hythe,E07000112,109758,5112,5787,6170,5234,5250,5837,6194,5929,6204,6673,8013,8373,7554,6920,7771,5564,3699,3474
2021,Swale,E07000113,151677,8896,9437,9544,8183,7962,9417,10477,9960,9253,9401,10590,10703,8942,7645,8331,5837,3837,3262
2021,Thanet,E07000114,140588,7334,7967,8301,7144,6744,7748,8535,8251,8082,8489,9762,9975,8998,8474,9281,6764,4472,4267
2021,Tonbridge and Malling,E07000115,132201,7681,8532,8719,7547,5834,7127,8064,8308,8700,9444,9859,9407,7673,6346,6826,5129,3643,3362
2021,Tunbridge Wells,E07000116,115311,6167,7096,8136,6506,4831,6007,6834,7266,7785,8485,8984,8095,6746,5448,5882,4487,3159,3397
2021,Burnley,E07000117,94646,5760,6174,6278,5469,5171,6147,6753,6314,5696,5728,6329,6340,5589,4731,4819,3321,2148,1879
2021,Chorley,E07000118,117731,6062,6972,6987,5873,5339,6605,7659,7805,7356,8018,8988,8657,7294,6396,7000,4951,3188,2581
2021,Fylde,E07000119,81373,3313,3920,4074,3705,3249,3778,4263,4460,4210,4744,6027,6663,6324,5577,5995,4670,3202,3199
2021,Hyndburn,E07000120,82239,4926,5279,5335,4951,4538,5358,5654,5190,4736,5060,5919,5512,4777,4055,4232,3025,1978,1714
2021,Lancaster,E07000121,142932,6741,7459,7557,10707,12778,7978,8250,8434,7694,7899,9503,9785,8802,7722,7955,5742,4016,3910
2021,Pendle,E07000122,95757,5952,6553,6766,5769,5223,5593,6430,6515,5861,5888,6272,6145,5544,4803,4951,3302,2165,2025
2021,Preston,E07000123,147838,8921,9241,9231,9775,12600,11012,10730,9936,9140,8995,9457,9309,7688,6179,5702,4003,2981,2938
2021,Ribble Valley,E07000124,61558,2633,3045,3674,3255,2714,2891,3244,3234,3332,3983,4983,5134,4588,3760,4047,3035,2080,1926
2021,Rossendale,E07000125,70871,3780,4360,4574,3799,3249,4100,4607,4403,4321,4745,5551,5273,4455,3893,3991,2618,1633,1519
2021,South Ribble,E07000126,111035,5501,6347,6467,5682,5191,6158,7073,6691,6612,7398,8313,8472,7097,6318,6740,4761,3311,2903
2021,West Lancashire,E07000127,117430,5246,6022,6538,8897,8100,5883,6486,6270,6140,7060,8489,8931,7646,6655,7050,5269,3662,3086
2021,Wyre,E07000128,111945,4890,5577,5977,5653,4755,5481,5852,5766,5489,6356,8004,8783,8361,7560,8419,6304,4563,4155
2021,Blaby,E07000129,102925,5708,6226,6137,5323,4801,6107,6913,6830,6359,6615,7356,7141,6337,5378,5770,4242,2973,2709
2021,Charnwood,E07000130,183968,9173,9860,9912,13739,16048,10955,11784,11621,10669,11037,12271,11733,10532,9324,9341,6935,4548,4486
2021,Harborough,E07000131,97626,4719,5371,5902,5405,4344,5001,5486,5662,5933,6740,7690,7521,6354,5543,5886,4364,2973,2732
2021,Hinckley and Bosworth,E07000132,113639,5686,6350,6454,5581,5037,6611,7197,7114,6728,7383,8538,8259,7291,6616,7160,5185,3392,3057
2021,Melton,E07000133,51752,2418,2825,2987,2551,2248,2638,2870,2790,2937,3233,4165,4308,3622,3249,3424,2451,1542,1494
2021,North West Leicestershire,E07000134,104704,5454,5871,6057,5438,5788,6251,6732,6499,6289,7181,8074,7626,6442,5645,6069,4355,2656,2277
2021,Oadby and Wigston,E07000135,57747,2863,3506,3480,4227,2926,3165,3486,3545,3492,3449,3861,3920,3524,2987,3051,2381,1849,2035
2021,Boston,E07000136,70504,3646,4162,4296,3759,3612,4243,4802,4684,4225,4583,4843,4909,4332,3819,3818,2876,1959,1936
2021,East Lindsey,E07000137,142296,5635,6529,7271,6365,5925,6582,6849,6290,6333,7742,10232,11711,11501,11114,12241,9202,5786,4988
2021,Lincoln,E07000138,103813,5119,5394,5272,8835,13598,7943,7663,6530,5833,5612,5969,6019,5021,4120,4001,2807,2029,2048
2021,North Kesteven,E07000139,118076,5531,6613,6641,5901,5497,6617,7081,6927,6542,7471,8984,9054,7606,6666,7625,5827,4088,3405
2021,South Holland,E07000140,95122,4733,5141,5192,4548,4548,5245,5838,5515,5340,6056,6931,7161,6177,5615,6228,4547,3231,3076
2021,South Kesteven,E07000141,143404,6752,8131,8855,7368,6110,7516,8056,8145,8444,9514,10855,10902,9637,8589,9108,6854,4403,4165
2021,West Lindsey,E07000142,95153,4403,5273,5307,4671,4089,4797,5088,5147,4985,5734,7185,7563,6926,6323,6668,5048,3192,2754
2021,Breckland,E07000143,141474,6785,7671,7720,6660,6737,8105,8496,7808,7734,8564,10069,10527,9297,8782,9702,7252,4892,4673
2021,Broadland,E07000144,131722,5936,6840,7158,6322,5533,6488,7153,7413,7569,8608,9887,9959,8786,8162,9241,6866,4968,4833
2021,Great Yarmouth,E07000145,99748,4953,5364,5677,5109,5026,5711,5982,5595,5321,5967,7128,7349,6629,6160,6613,5016,3185,2963
2021,King's Lynn and West Norfolk,E07000146,154325,7259,8366,8259,7216,7178,8620,9119,8547,8043,9140,10677,11441,10525,9786,10807,8235,5661,5446
2021,North Norfolk,E07000147,102980,3664,4423,4814,4408,3882,4308,4628,4575,4501,5535,7067,8119,8556,8342,9452,7019,4762,4925
2021,Norwich,E07000148,143922,6931,7597,7344,10263,16471,12061,11683,10417,8976,8225,8252,7772,6421,5828,5640,4079,2842,3120
2021,South Norfolk,E07000149,141949,6990,8107,8076,6902,5977,7302,8169,8485,8323,9245,10114,10493,9254,8443,9443,7127,4798,4701
2021,Craven,E07000163,56927,2349,2721,2982,2611,2304,2562,2791,2771,3006,3526,4488,4723,4464,4112,4215,3139,2071,2092
2021,Hambleton,E07000164,90695,3818,4434,4529,4250,3900,4407,4630,4462,4626,5211,6927,7781,6987,6293,6736,4945,3507,3252
2021,Harrogate,E07000165,162667,7287,8394,9739,9674,6466,7902,8685,9271,9717,10725,12698,12922,11161,9468,10227,7443,5484,5404
2021,Richmondshire,E07000166,49776,2325,2538,2678,2898,2726,3104,2780,2733,2489,2820,3615,3781,3634,3141,3265,2287,1610,1352
2021,Ryedale,E07000167,54707,2296,2654,2825,2676,2181,2532,2756,2755,2727,3260,4098,4603,4201,3957,4097,3003,2103,1983
2021,Scarborough,E07000168,108736,4713,5251,5555,5229,4664,5484,6035,5528,5238,6277,7702,8738,8454,7814,8296,5915,4040,3803
2021,Selby,E07000169,91989,4953,5245,5356,4599,4022,5350,6048,5707,5474,6053,7043,7116,6250,5180,5385,3696,2376,2136
2021,Ashfield,E07000170,126301,6778,7703,7562,6547,6451,7851,8632,7979,7477,8055,9469,9248,7666,6617,6703,5300,3424,2839
2021,Bassetlaw,E07000171,117804,5967,6562,6618,5774,5730,6952,7218,6807,6643,7450,8921,9227,7854,6814,7265,5374,3504,3124
2021,Broxtowe,E07000172,110938,5291,6050,5998,5663,6367,7077,7474,7011,6467,6753,7853,7877,6832,6041,6736,4896,3362,3190
2021,Gedling,E07000173,117262,5981,6726,6823,5732,5296,6865,7578,7481,7311,7503,8705,8614,7360,6596,6935,4928,3544,3284
2021,Mansfield,E07000174,110480,5960,6589,6560,5353,5506,7187,7915,7657,6555,6766,7945,8157,7028,5907,5715,4321,2783,2576
2021,Newark and Sherwood,E07000175,122957,6062,6680,6921,6271,6096,7230,7506,7171,6930,7761,9193,9270,8198,7228,7686,5655,3736,3363
2021,Rushcliffe,E07000176,119081,5851,6862,7323,6394,6309,6122,6789,7363,7767,7992,8685,8585,7294,6452,6868,5179,3512,3734
2021,Cherwell,E07000177,161015,9355,9417,9788,8319,7912,10681,12235,11903,10924,10657,11504,11194,9092,7532,7552,5378,3819,3753
2021,Oxford,E07000178,162040,7137,7852,8650,15874,21992,15362,13309,10997,9643,8805,8809,8198,6443,5224,4864,3543,2568,2770
2021,South Oxfordshire,E07000179,149081,7980,8789,9094,7639,6453,8306,9325,9635,9743,10284,11422,10848,8986,7628,7875,6339,4466,4269
2021,Vale of White Horse,E07000180,138911,7799,8368,8640,7348,6250,8389,9496,9476,9115,9155,9601,9583,8226,6963,7268,5466,3844,3924
2021,West Oxfordshire,E07000181,114236,5720,6579,6873,5774,5323,6623,7067,7004,6997,7441,8362,8499,7225,6204,6485,5034,3419,3607
2021,Mendip,E07000187,116089,5460,6167,7006,6652,4830,5717,6433,6305,6393,7491,9077,9062,7886,7209,7586,5448,3716,3651
2021,Sedgemoor,E07000188,125343,6000,6934,7241,6408,6098,6940,7429,6969,6717,7628,9237,9597,8333,7630,8239,5991,4056,3896
2021,South Somerset,E07000189,172673,8228,9130,9636,8585,8247,9409,10053,9282,9013,10271,12240,12909,11633,11095,12142,8963,5944,5893
2021,Cannock Chase,E07000192,100519,5566,5696,5682,5093,5245,6708,7084,6431,5646,6442,7793,7484,6095,5322,5341,3993,2671,2227
2021,East Staffordshire,E07000193,124019,6966,7473,7626,6751,6507,8098,8696,8119,7594,7863,9002,8682,7555,6181,6212,4689,3127,2878
2021,Lichfield,E07000194,106434,5229,5654,5794,5371,5055,5967,6060,6024,6086,6936,8093,7922,6714,6161,6953,5824,3658,2933
2021,Newcastle-under-Lyme,E07000195,123299,5793,6509,6509,7646,8578,6857,7558,7177,6885,7533,8847,8755,7914,6842,7279,5320,3772,3525
2021,South Staffordshire,E07000196,110471,4921,5510,5584,5228,5431,5871,6188,6216,5872,6772,8415,8824,7895,6847,7343,5983,4088,3483
2021,Stafford,E07000197,136869,6718,7408,7667,6431,6331,7822,8541,8222,8103,8766,10327,10139,8944,7923,8410,6665,4502,3950
2021,Staffordshire Moorlands,E07000198,95845,4072,4790,5173,4746,4120,4602,4993,4991,4906,6093,7791,7609,6841,6331,7002,5240,3512,3033
2021,Tamworth,E07000199,78647,4442,4666,4871,4237,4204,5099,5632,5151,4683,5155,5787,5156,4650,4327,4242,2991,1837,1517
2021,Babergh,E07000200,92343,3972,4751,5175,4761,4010,4287,4780,4689,5117,5798,6926,7189,6346,5950,6835,5139,3439,3179
2021,Ipswich,E07000202,139642,8326,9049,8797,8059,7969,9889,10819,10166,9413,8920,9236,8606,7382,6273,5990,4261,3152,3335
2021,Mid Suffolk,E07000203,102697,4497,5193,5587,5227,4629,5450,5740,5524,5475,6441,7627,8045,7286,6739,7294,5228,3459,3256
2021,Elmbridge,E07000207,138754,8347,9863,9937,7435,5134,6008,7483,9187,11247,11289,10609,9743,7651,6259,6295,4722,3479,4066
2021,Epsom and Ewell,E07000208,80938,4626,5323,5341,4619,3965,4020,4773,5595,6221,6123,5840,5466,4410,3605,3945,2897,2049,2120
2021,Guildford,E07000209,143650,6684,7810,8269,10766,13147,8578,8646,8659,9129,9635,9725,9662,7782,6432,6596,4821,3492,3817
2021,Mole Valley,E07000210,87384,4007,4677,5322,4666,3663,4030,4208,4780,5457,6147,6837,6905,5923,5128,5204,4159,3015,3256
2021,Reigate and Banstead,E07000211,150846,9045,10020,9876,7666,6539,8436,10445,10925,11064,10729,10570,10363,8452,6812,7063,5104,3570,4167
2021,Runnymede,E07000212,88079,4781,4788,4859,6553,7444,5002,5629,5674,5723,5978,5947,5817,4723,3774,3808,2979,2129,2471
2021,Spelthorne,E07000213,102958,6010,6376,6087,5114,4921,6036,7420,7610,7442,6907,7348,7308,5787,4603,4673,3652,2836,2828
2021,Surrey Heath,E07000214,90453,4478,5346,5761,4865,4231,4894,5446,5763,6083,6613,7038,6694,5432,4428,4566,3562,2522,2731
2021,Tandridge,E07000215,87877,4976,5286,5684,4845,3949,4078,4920,5584,5652,5959,6601,6500,5503,4617,4751,3630,2562,2780
2021,Waverley,E07000216,128227,6466,7829,8602,7956,5622,5384,6381,7477,8455,9562,9668,9067,7752,6551,7081,5701,3995,4678
2021,Woking,E07000217,103944,6215,6745,6787,5314,4890,6396,7326,7883,8179,7648,7143,6733,5475,4487,4452,3233,2354,2684
2021,North Warwickshire,E07000218,65035,3206,3636,3631,3224,3135,3726,4066,3800,3554,4203,5101,5064,4417,3739,3960,2948,1913,1712
2021,Nuneaton and Bedworth,E07000219,134193,7753,8165,8174,6937,7071,8737,9716,8853,8111,8421,9554,9210,7894,6868,6963,5304,3486,2976
2021,Rugby,E07000220,114364,6368,7112,7226,6204,5570,7242,8353,8200,7652,7666,8067,7682,6216,5102,5433,4470,3039,2762
2021,Stratford-on-Avon,E07000221,134725,6245,6944,7498,6371,5403,6696,7470,7358,7701,8830,10302,10645,9348,8254,8968,7246,4793,4653
2021,Warwick,E07000222,148456,7438,8159,8098,9238,10740,9549,10534,9947,9510,9517,10023,9705,7973,7060,7245,5737,3976,4007
2021,Adur,E07000223,64544,3192,3909,3810,3196,2668,3152,3666,3939,4131,4496,4659,4527,3960,3594,4023,3121,2297,2204
2021,Arun,E07000224,164889,7254,8232,8289,7654,7410,8424,9313,8948,8660,9432,11439,11948,11002,10683,12599,9703,6834,7065
2021,Chichester,E07000225,124069,5309,6141,6625,6527,6537,6162,6392,6403,6449,7224,8488,9358,8827,7982,8776,6929,4851,5089
2021,Crawley,E07000226,118491,7639,8076,7830,6500,6556,8621,9996,9781,8972,7842,7729,7139,6058,4632,4208,2659,1924,2329
2021,Horsham,E07000227,146779,7368,8013,8995,7671,6185,7538,8417,8620,9013,9579,10991,11254,9691,8342,8887,6694,4657,4864
2021,Mid Sussex,E07000228,152566,8315,9382,9744,8011,6373,7665,9183,9915,10493,11041,11377,10699,8877,7874,8231,6419,4270,4697
2021,Worthing,E07000229,111340,5448,6114,6297,5440,5193,6236,7118,7018,7132,7591,8151,7920,6729,5843,6627,4851,3631,4001
2021,Bromsgrove,E07000234,99182,5158,5687,6102,5254,4291,4854,5478,5848,6003,6585,7513,7372,6298,5715,5771,4645,3232,3376
2021,Malvern Hills,E07000235,79486,3114,3945,4385,4254,3285,3458,3729,3715,4104,4754,5976,6523,5998,5439,5978,4502,3184,3143
2021,Redditch,E07000236,87039,4992,5402,5373,4627,4486,5738,6418,6039,5851,5543,5802,5556,5054,4807,4681,3165,1886,1619
2021,Worcester,E07000237,103874,5281,5837,5977,6293,7439,7137,7438,6877,6512,6652,7368,7074,5696,4988,4879,3574,2498,2354
2021,Wychavon,E07000238,132492,6252,6929,7134,6506,5728,6870,7598,7405,7361,8358,10107,10281,9031,8389,8996,6686,4639,4222
2021,Wyre Forest,E07000239,101609,4807,5541,5607,5012,4668,5429,5880,5564,5459,6376,7687,7536,6377,6291,7206,5613,3511,3045
2021,St Albans,E07000240,148169,8659,10327,11081,8258,5944,7431,8670,9823,11554,11766,11247,9979,7937,6435,6558,4872,3668,3960
2021,Welwyn Hatfield,E07000241,119837,6626,7279,7087,8071,10576,7796,8170,8273,8011,7498,7714,7598,6330,4889,4692,3511,2728,2988
2021,East Hertfordshire,E07000242,150161,8316,8931,9811,8193,6972,8865,9599,9654,10125,10979,11392,10990,8944,7136,7471,5220,3722,3841
2021,Stevenage,E07000243,89493,5618,5924,5695,4743,4792,6234,7300,6785,5953,5499,6213,6214,4981,3749,3462,2501,1866,1964
2021,East Suffolk,E07000244,246058,10634,12504,13558,12259,10714,11947,12569,12264,12630,14712,17645,18670,17643,16581,18671,13984,9345,9728
2021,West Suffolk,E07000245,179946,9829,10305,9843,8777,10542,12587,12894,11607,10719,10949,12289,12028,10214,9116,10132,7717,5434,4964
2021,Somerset West and Taunton,E07000246,157445,7362,8300,8756,8167,6797,8457,9153,8972,8430,9273,10975,11664,10701,10202,10625,8154,5473,5984
2021,Bolton,E08000001,295961,18458,20434,20817,18319,16638,17768,20042,19940,18508,18771,20123,19211,16210,13871,14190,10084,6783,5794
2021,Bury,E08000002,193850,11159,12490,12851,11232,9545,11534,13477,13360,12075,12486,13444,13460,11289,9429,9970,7011,4814,4224
2021,Manchester,E08000003,551937,34378,36561,36344,42418,61887,52583,47999,42050,35778,31067,30370,26693,21642,16482,13817,9206,6689,5973
2021,Oldham,E08000004,242088,16005,17445,18068,16254,14133,14975,16720,16194,15093,14846,16038,15057,12646,10819,10640,7589,5351,4215
2021,Rochdale,E08000005,223773,14639,15475,15728,13457,12201,14077,15916,15317,14132,13978,15110,14382,12494,10856,10333,6982,4591,4105
2021,Salford,E08000006,269921,17257,16713,16059,15494,22657,26435,24441,20471,16344,14980,15436,15047,12666,9681,9972,6887,5003,4378
2021,Stockport,E08000007,294776,16575,18057,17927,14763,13367,16943,20058,20399,19504,19188,20562,20457,17701,15298,15653,11483,8579,8262
2021,Tameside,E08000008,231069,13666,14701,14873,12451,11907,14952,16564,15739,14375,14666,16604,16298,13758,11251,11556,7972,5333,4403
2021,Trafford,E08000009,235050,13466,16009,16431,13210,10531,12567,14902,17337,17379,16493,16465,15918,13052,10824,10664,7917,6048,5837
2021,Wigan,E08000010,329330,17782,19247,19786,17446,17057,20834,22855,21674,19645,21435,24984,23248,19734,16908,18340,13482,8463,6410
2021,Knowsley,E08000011,154519,9735,9489,9162,8390,8578,10619,11687,10318,8538,8787,10727,11738,10509,8213,6899,4415,3509,3206
2021,Liverpool,E08000012,486089,26372,26726,25244,33846,49337,38082,37314,33138,27773,26579,29155,30659,27542,22421,19994,13260,9991,8656
2021,St. Helens,E08000013,183248,9659,10346,10622,9391,9369,11521,12258,11713,10702,11816,13433,13290,11486,9968,10529,7552,5208,4385
2021,Sefton,E08000014,279234,13508,15071,15295,14031,13500,15234,17140,16833,15554,16701,20110,21679,19815,16889,16496,12436,9591,9351
2021,Wirral,E08000015,320196,16316,18798,19251,16997,15076,17866,19756,19223,18369,19757,22943,23934,21519,18918,19103,13376,9714,9280
2021,Barnsley,E08000016,244575,13463,14366,14350,12256,12450,16132,16817,15687,13825,15345,18720,17962,15603,13400,13063,9540,6225,5371
2021,Doncaster,E08000017,308104,16942,18119,18622,16136,16214,20190,21851,20113,17979,18704,21803,22003,19576,16540,16319,11512,8028,7453
2021,Rotherham,E08000018,265806,14645,15980,16540,14472,14098,16400,18027,16999,15280,16660,19466,18603,16408,14031,14211,10626,7236,6124
2021,Sheffield,E08000019,556525,30179,32018,32049,37455,50872,40536,38867,35034,32143,32238,36319,34488,29508,24795,24618,18881,13749,12776
2021,Newcastle upon Tyne,E08000021,300125,15651,16704,16404,23355,36645,23390,21246,19594,16944,16060,16761,17360,15496,12675,11788,7863,5973,6216
2021,North Tyneside,E08000022,208968,10991,11939,12153,10369,9510,12212,13855,14318,13643,13627,14637,15220,13596,12153,11820,7837,5645,5443
2021,South Tyneside,E08000023,147777,7823,8468,8632,7480,7287,8670,9857,9376,8462,8751,10428,11229,10476,8775,8374,5554,4300,3835
2021,Sunderland,E08000024,274172,13849,15239,16033,14645,15142,17023,18044,17055,15654,16829,19447,20034,18912,16103,15496,10223,7706,6738
2021,Birmingham,E08000025,1144918,75023,81270,83057,86440,93243,82593,84846,80630,73996,68054,69954,62684,52641,42584,37345,28072,20959,21527
2021,Coventry,E08000026,345324,20442,21965,22106,25408,31584,24485,25545,24075,21768,20260,21445,19610,16318,13385,12665,9973,7217,7073
2021,Dudley,E08000027,323488,18176,19775,19307,17772,17011,20446,21361,20213,18881,20147,23470,22233,18638,16818,17002,13813,9656,8769
2021,Sandwell,E08000028,341832,22176,24566,24356,22002,20370,22516,24916,24540,23228,22299,23076,20848,17234,13857,12657,9676,7151,6364
2021,Solihull,E08000029,216238,11693,13771,13604,11807,10755,11978,13028,13143,13052,13766,15629,15435,12978,10947,12069,9410,6473,6700
2021,Walsall,E08000030,284124,18193,19549,19565,17295,16160,17967,19646,19009,17370,17300,19166,18006,15436,12895,12511,9889,7450,6717
2021,Wolverhampton,E08000031,263726,16325,17727,17997,15355,15790,17082,18875,18354,17381,16966,18110,16435,14047,11845,10762,8134,6260,6281
2021,Bradford,E08000032,546412,36096,39556,41350,37779,33135,34549,38010,38239,35649,33814,34274,32184,28775,24124,22373,14403,11191,10911
2021,Calderdale,E08000033,206631,11317,12803,13313,11602,10125,11990,12930,13033,12652,13787,15757,15082,12930,10871,11088,7658,5030,4663
2021,Kirklees,E08000034,433214,25144,27644,28614,26867,25844,26445,28424,28156,27197,28057,30860,28623,24526,21033,21428,14857,10289,9206
2021,Leeds,E08000035,811952,46800,49614,48157,51822,70459,60621,60646,56601,51649,49123,50807,48187,40700,33690,34308,23961,17599,17208
2021,Wakefield,E08000036,353370,20074,20994,20831,17865,18002,23666,25308,23648,20726,22770,26331,24998,21550,18401,18526,13240,8870,7570
2021,Gateshead,E08000037,196151,10053,11070,11233,10074,10411,12731,13142,12973,11897,12060,13936,14243,12555,10616,10743,7357,5846,5211
2021,City of London,E09000001,8580,213,159,174,216,965,1213,1002,726,547,544,640,517,458,393,318,210,164,121
2021,Barking and Dagenham,E09000002,218869,17251,18331,18229,15125,13240,15216,18055,18638,17075,14930,13835,11326,8586,5945,4779,3237,2582,2489
2021,Barnet,E09000003,389343,24106,25249,25807,21464,22395,28041,30175,30789,30090,27467,25645,22874,19137,15447,14360,10463,7341,8493
2021,Bexley,E09000004,246472,15031,16195,16439,14113,13507,14878,17109,17713,17132,16014,17265,16608,13576,10655,10539,7755,6010,5933
2021,Brent,E09000005,339814,19970,19833,20871,20622,24589,29313,29847,27687,25358,23119,22782,19880,16388,12298,9610,6988,5478,5181
2021,Bromley,E09000006,329989,19491,20627,20924,17215,14676,18324,22426,24791,25042,23699,23929,22347,18257,14483,15370,11232,8139,9017
2021,Camden,E09000007,210135,10032,9873,10388,13743,20165,22002,20541,16548,14500,13360,13267,11746,9141,7123,6543,4830,3270,3063
2021,Croydon,E09000008,390716,25171,24992,25426,22344,21620,27530,31611,31152,28619,25961,27113,25773,20331,15252,13770,9738,7206,7107
2021,Ealing,E09000009,367115,21515,22245,23648,21801,22627,28899,30776,30770,29664,26382,24748,21933,17645,13586,11394,7967,5998,5517
2021,Enfield,E09000010,329984,21259,22750,24107,21338,19116,21177,23126,23979,24572,22730,22648,21110,17059,12789,11159,8153,6490,6422
2021,Greenwich,E09000011,289071,19027,18782,18206,15895,18363,24716,27868,25778,22961,19568,19026,16125,12530,9325,7975,5628,3775,3523
2021,Hackney,E09000012,259146,16135,15159,15419,14124,18593,31532,31947,23610,18636,15466,14570,13346,10104,7016,5458,3417,2384,2230
2021,Hammersmith and Fulham,E09000013,183157,9075,8824,9007,8205,16960,23401,19387,14800,12848,12174,11896,10240,7354,5731,4986,3539,2540,2190
2021,Haringey,E09000014,264240,14932,14743,15574,14571,16363,24001,25900,23605,21153,19172,18521,16097,11896,8821,7148,4886,3640,3217
2021,Harrow,E09000015,261203,15699,16133,16481,15042,15132,18467,20458,21133,19927,17003,16344,15355,13850,11515,9895,7361,5729,5679
2021,Havering,E09000016,262052,16491,16862,15965,14367,14104,16939,19291,19189,17440,16213,17371,16958,14751,11868,12125,8726,6418,6974
2021,Hillingdon,E09000017,305909,19881,20469,19995,18556,19812,20770,23680,24925,23462,20284,19897,18124,14881,11661,10449,7388,5766,5909
2021,Hounslow,E09000018,288182,18221,19107,18658,16174,16756,20808,24910,25902,24158,20904,18942,16370,13322,10566,8904,6131,4358,3991
2021,Islington,E09000019,216587,11211,9975,9957,10635,18476,28750,27313,19005,14801,12604,12896,11828,8815,6432,5395,3594,2554,2346
2021,Kensington and Chelsea,E09000020,143376,6171,6364,6484,6707,12202,13065,12077,10568,9588,10199,11082,10440,7828,5854,5470,4022,2794,2461
2021,Kingston upon Thames,E09000021,168061,9559,10512,10586,9450,11155,10986,12285,12980,13492,12690,11634,10188,8221,6726,6601,4550,3178,3268
2021,Lambeth,E09000022,317651,15265,14940,15485,14934,26755,45337,36561,26433,22440,20415,20468,18187,13171,8978,6858,4638,3622,3164
2021,Lewisham,E09000023,300551,19127,18172,17580,15670,18810,27583,30848,27506,23748,20780,19991,18588,13504,9005,7087,5045,3919,3588
2021,Merton,E09000024,215187,13532,13300,13169,10678,11167,17211,19143,18954,18119,15525,14482,12585,10251,7879,7104,4760,3741,3587
2021,Newham,E09000025,351036,23854,23326,23295,22154,28285,36033,36701,32529,27396,22767,20460,16301,12769,9104,6294,4000,3183,2585
2021,Redbridge,E09000026,310259,21194,21733,21425,19315,18967,21735,24904,26228,24784,21114,19420,17007,14501,11275,9634,6645,5159,5219
2021,Richmond upon Thames,E09000027,195279,11103,12812,13228,10150,8230,9954,12097,14342,16358,16248,15406,13655,10248,8354,8732,6158,4064,4140
2021,Southwark,E09000028,307635,16362,15893,16223,16198,25476,38265,34959,26535,21854,19915,19558,17569,13146,8399,6670,4350,3274,2989
2021,Sutton,E09000029,209639,12796,14250,14369,11341,9943,12473,14727,16649,17126,15263,14718,13594,10650,8613,8356,5902,4303,4566
2021,Tower Hamlets,E09000030,310306,19090,17656,17395,18367,31989,44477,40704,29776,22639,17542,13920,10835,8444,6045,4335,2797,2227,2068
2021,Waltham Forest,E09000031,278424,18985,17441,16613,15142,15573,22541,28537,27085,23103,19344,18131,15456,12077,8796,7202,5089,3874,3435
2021,Wandsworth,E09000032,327507,18704,16908,15678,13081,23844,47659,38464,29292,24588,20817,18802,16224,12112,9099,8282,5724,4208,4021
2021,Westminster,E09000033,204235,8502,7877,8637,10649,19329,23253,20913,16091,14061,13755,14381,12427,9580,7309,6336,4742,3277,3116
2021,Isle of Anglesey,W06000001,68878,3211,3861,3971,3404,3055,3309,3696,3452,3485,4028,4948,5209,5044,4757,5037,3716,2521,2174
2021,Gwynedd,W06000002,117393,5348,6249,6521,7021,8545,6518,6608,5914,5903,6839,8076,8533,8046,7095,7301,5426,3646,3804
2021,Conwy,W06000003,114739,5030,5898,6263,5503,4993,5563,6160,5864,5686,6627,8243,9015,8523,7875,8494,6207,4305,4490
2021,Denbighshire,W06000004,95817,4769,5339,5664,5160,4499,5089,5125,4891,4943,5750,6878,7310,6653,6064,6625,4803,3257,2998
2021,Flintshire,W06000005,154962,7626,8666,9351,8134,7442,8927,9732,9419,8897,10059,11829,11656,9997,8648,9638,6634,4553,3754
2021,Wrexham,W06000006,135114,6998,8006,8248,7290,7000,7910,8667,8738,8125,8735,10127,9604,8282,7450,7601,5502,3532,3299
2021,Ceredigion,W06000008,71475,2709,3288,3424,4792,6366,3652,3455,3268,3170,3707,4752,5364,5140,4930,5012,3718,2379,2349
2021,Pembrokeshire,W06000009,123360,5583,6731,7139,6245,5621,6279,6628,6279,6229,6953,8655,9631,9045,8620,8825,6540,4315,4042
2021,Carmarthenshire,W06000010,187897,9057,10274,10970,9909,8820,9961,10731,10431,10178,11193,13181,14322,13403,12413,12190,9233,6014,5617
2021,Swansea,W06000011,238490,11427,13016,13685,14451,19157,14232,15073,14511,13837,14021,15662,15995,14545,12704,13139,9559,6853,6623
2021,Neath Port Talbot,W06000012,142290,7045,7973,8409,8854,7668,8340,8840,8754,8206,8439,9779,10331,9519,8364,8250,5867,3978,3674
2021,Bridgend,W06000013,145490,7343,8424,8601,7623,7458,8769,9904,8900,8571,9257,10678,10703,9162,8071,8172,6084,4209,3561
2021,Vale of Glamorgan,W06000014,131941,6851,7913,8250,6942,6040,7174,7912,8126,8128,8267,9180,9484,8682,7798,7830,5741,3921,3702
2021,Cardiff,W06000015,362310,19069,21504,21509,26433,37885,29300,27006,24911,22262,20234,21062,20606,18030,14807,14068,9590,6917,7117
2021,Rhondda Cynon Taff,W06000016,237653,12531,14031,14519,13429,14320,14738,16093,15213,13578,14681,16651,16793,14451,12821,13213,9305,6120,5166
2021,Caerphilly,W06000018,175945,9216,10412,10813,9592,9058,10676,11581,11240,10575,11018,12649,12716,10989,9852,10029,7058,4651,3820
2021,Blaenau Gwent,W06000019,66900,3543,3731,3796,3318,3530,4416,4590,4022,3688,4138,5079,5162,4364,3699,3826,2769,1797,1432
2021,Torfaen,W06000020,92276,5002,5432,5625,4887,4696,5841,6274,5743,5172,5359,6376,6810,5902,5232,5222,3808,2528,2367
2021,Monmouthshire,W06000021,92957,3962,4641,5156,4571,3869,4496,4731,4903,5035,5812,7262,7817,6662,6193,6404,4890,3290,3263
2021,Newport,W06000022,159592,9733,10336,10215,8673,8737,11062,12540,11147,9947,9713,10776,10675,8978,7276,7254,5350,3754,3426
2021,Powys,W06000023,133168,5731,6542,6994,6419,5697,6508,6723,6481,6401,7753,9713,10677,10410,9824,10053,7528,5022,4692
2021,Merthyr Tydfil,W06000024,58840,3301,3659,3579,3120,3216,3694,4146,4024,3336,3494,4123,4258,3780,3148,3156,2169,1432,1205
